id,username,password,created_at
1,testuser,$2b$10$V4rFIS8yycrgJiO0./WjxeMcxdgPtr9Uov/a7Aa3BUb/tp/gv5c0a,2026-04-02 14:42:54+08:00
2,test001,$2b$10$jHqQKs2vEJaXh/0777fUye2UwX1/SyA.8Lc/NLEZHjm8Dgo8OqtmG,2026-04-02 15:16:03+08:00
3,newuser,$2b$10$RQPlnw/dosAYuWolX/IU2uH9pA9lTNReCOylVhU5A4qbaIKaT58.2,2026-04-02 15:19:32+08:00
4,testuser2,$2b$10$Hv13uUrR2HYRJBGT4S/wle0xDXJH4Wu9X4m8v6q5/SQQwcIceI.m.,2026-04-02 15:20:00+08:00
5,test01,$2b$10$ozaHRb0wflV8kGSpzbkIceUWLANUF385f/o5Xin3qpPIU5yhwmMdC,2026-04-02 15:22:08+08:00
6,demouser,$2b$10$stp.E7sc/dv7XXe1NVLXTujV24hN1qTUrX3UuD3QY6bj04Ba9wDHK,2026-04-02 15:23:41+08:00
7,testfinal,$2b$10$Z6lRVP0L9sRPHwJFR3CvjemxhMYu0bsTglykgOXmyflw61rcPTEKO,2026-04-02 15:25:09+08:00
8,newtest,$2b$10$FAxG4sqdJhQI15fTNWfeneKvRklSJmXXzxZ2WBXNUSKOC5PVBLXfK,2026-04-02 15:25:58+08:00
9,test02,$2b$10$2uhcOTVXzb5NFycIcaY9T.PMxmIaVT5E8YJ8DN46OFLr61yNnAVle,2026-04-02 15:27:01+08:00
10,finaltest,$2b$10$1RfdXTNddKanr5bgEXPM.Oc/IMYVZQV4KFdjpO7sSsWRPQ2fsh.Xu,2026-04-02 15:29:56+08:00
11,mytest,$2b$10$P9ky2ZMLpTlEeo3usuZCCetVBpO1gTOCklJhwAIJCRvoJXi.QWE32,2026-04-02 15:31:53+08:00
12,test03,$2b$10$QAl6SW/GoM6VztQiiawLB.06Gd6uYVRvDJdXURaO/OJlr8cMPSv9i,2026-04-02 15:33:12+08:00
13,rlstest,$2b$10$uzrj6NMuRZ.RHxjFRPm0sOOGTVuvefnlRU1UqhU3wk5F/bdGsSIqa,2026-04-02 15:34:55+08:00
14,apitest,$2b$10$EwBV8cZw8f.jHPibtfvptu6XSFE6jCzue.FsLbAOLV6D9KmYOzYgO,2026-04-02 15:35:08+08:00
15,test04,$2b$10$WCQ6r/r7eDoAreN3utpy1uzOXPPpcFtfIrnVTqvKHTI.A95.8WPqq,2026-04-02 15:36:48+08:00
16,test05,$2b$10$fUkNq0F9q13brSIHEoraAO0lC1f1tiu2ItbZ1molbZaCSPidnMlwW,2026-04-02 15:41:40+08:00
17,test06,$2b$10$J4v5Yq1RNL.oThCvEuJoV.fwL00DEY/h6i.6clbF9ZnaiCDGch8hW,2026-04-02 15:48:22+08:00
18,test07,$2b$10$/V1QtIoyjoWmKSEktAdZZO/KX9W.1NGBGUFzrCO1k25w71vSJLjnO,2026-04-02 15:51:27+08:00
19,test11,$2b$10$Qksyx3DMKjTqZzo5ke./V.XCUnPNGePFqLtmAC82SzRfAJYRf2Xpa,2026-04-04 09:13:03+08:00
